{
    "model": "Professional",
    "is_monte_carlo": true,
    "description": "Profesyonel Model (Trend Filter): SMA 200 Filtresi VAR.",
    "timestamp": "20251228_1508",
    "input_stats": {
        "total_trades": 658,
        "win_rate": 83.89057750759878,
        "avg_trade": 0.015412491479983135
    },
    "model_metrics": {
        "accuracy": 0.7828525641025641,
        "precision": 0.8156146179401993,
        "recall": 0.7542242703533026,
        "f1": 0.7837190742218675
    },
    "simulation_meta": {
        "initial_capital": 10000,
        "simulated_trades": 150,
        "simulated_duration_years": 1.2,
        "mean_roi_pct": 882.54,
        "cagr_pct": 546.63
    },
    "simulation_results": {
        "mean_equity": 98254.26705586657,
        "median_equity": 97183.83977433751,
        "p05_equity": 51675.75503826189,
        "p95_equity": 158494.26848971745,
        "risk_of_ruin_50pct": 0.0,
        "risk_of_ruin_90pct": 0.0
    },
    "data_samples": {
        "final_equities": [
            89589.70404193146,
            133589.2538113109,
            89187.61332703521,
            64159.54714197482,
            160686.04425828438,
            81713.1863728132,
            54041.196732895485,
            158378.91187031922,
            56645.53122803435,
            59911.573077552195,
            172581.79623069102,
            84367.70618488427,
            126293.11715828071,
            107630.68167289584,
            74080.17975614892,
            86273.13612676295,
            97411.90257111707,
            105253.30696407777,
            125239.9633478167,
            84622.69795111135,
            145028.10434853996,
            99700.02133572986,
            61088.579505177426,
            102131.13238900116,
            116968.53205478583,
            117384.6072547759,
            144084.01802981156,
            78522.9154306347,
            106198.82970658799,
            127035.75186928915,
            126319.4681759564,
            74606.98799541396,
            120876.5473435667,
            140872.24467925844,
            97705.49316798631,
            95772.28615390422,
            79263.14036497197,
            124249.72500108056,
            90070.7785097091,
            89300.03957145028,
            49233.04327087471,
            54390.30764096334,
            88029.20329655272,
            63763.58104737383,
            63064.03954186295,
            110547.17765205397,
            80852.91624268195,
            163252.12160098765,
            132512.16571186113,
            127711.84955268583,
            68584.34483972413,
            33264.86880632687,
            60140.42028773504,
            121529.5077192755,
            98608.31461577668,
            40414.59824708136,
            104479.17980549742,
            101139.06735721164,
            80816.06122858798,
            100954.02165274565,
            75145.62829691322,
            112066.9933601896,
            65243.88530220476,
            213751.22696470172,
            134907.25268600092,
            96429.1840004817,
            114284.22370895006,
            111596.59880752278,
            126385.42699521214,
            90016.2690913919,
            102385.21933027942,
            60287.79093269325,
            86794.17600205657,
            100036.49877450387,
            105767.43834540786,
            97172.80759931807,
            70762.35531841141,
            91675.9763231489,
            119227.64884335216,
            77868.33525082793,
            82200.86948496898,
            91317.32737401611,
            79136.82644770193,
            46789.68928997496,
            39766.85082787976,
            54131.53937748549,
            86738.32396042165,
            126965.26940251603,
            71271.3649781891,
            79317.78207156833,
            109429.99730401473,
            81456.36345483543,
            69913.70110635787,
            67387.23544003957,
            50985.03782769442,
            65880.16193221076,
            100962.68431509825,
            108831.9594622369,
            119801.91668234592,
            170571.2472919868,
            64028.762925146,
            58736.03247105692,
            50555.67173203297,
            99661.17475500517,
            128494.1699609107,
            137545.39177007548,
            96928.28667945648,
            131911.19265115293,
            71379.85623475464,
            128731.13439200154,
            120073.64315149412,
            85014.3316634454,
            147206.17228178828,
            42937.542160475234,
            59656.96335129822,
            76466.87040473966,
            82074.73055271784,
            124791.98310337025,
            67456.27188230431,
            114201.8379054888,
            69283.39143233003,
            104817.05223739328,
            99839.64134950258,
            109636.94790901148,
            123943.78173000894,
            121181.53713838673,
            65084.68863039867,
            101956.87656529258,
            128105.38634319647,
            103933.71354546871,
            124110.05428856508,
            114797.20004652877,
            86040.62307454864,
            83194.94548109321,
            67687.81741549163,
            114804.51298306783,
            111507.82082180196,
            142092.98032824273,
            69175.38344468891,
            198278.69388845286,
            101591.6459768915,
            71407.6398363975,
            193504.82694219353,
            93848.3216354931,
            145218.30894310592,
            118569.83354907739,
            61362.3440267327,
            80573.44329432007,
            134244.91464732357,
            112184.8343933774,
            122483.1104719283,
            121411.5647164408,
            69566.03242178453,
            169122.40355422217,
            97194.87194935697,
            119479.69930093318,
            66091.53444805027,
            69234.47326519176,
            117862.86738269939,
            110406.24984760232,
            72413.2597531,
            55324.59629253196,
            92623.45469004626,
            129674.08762811105,
            106458.12862122193,
            121696.05677453909,
            39130.161747564416,
            80082.44685382256,
            62795.61109832913,
            129085.87343700888,
            97013.25787748798,
            51712.108575660175,
            151919.48417316453,
            102326.95897388106,
            78928.17434227884,
            113322.5921944385,
            95446.52702274267,
            87643.91549756833,
            106703.54169208699,
            166911.2376635644,
            82507.54078210007,
            86727.73642987928,
            74638.84414260027,
            51722.94846306286,
            83406.14932282233,
            109743.99469837654,
            80535.63896269651,
            80328.38919615494,
            86476.76344854617,
            73177.64004763741,
            130228.92016860738,
            103167.5426411215,
            97786.73526506688,
            188697.2888920378,
            48482.627388955196,
            68824.55007708969,
            103575.19647388751,
            129187.4780126106,
            109532.50251458696,
            71425.3332544786
        ],