{
    "model": "Professional",
    "is_monte_carlo": true,
    "description": "Profesyonel Model (Trend Filter): SMA 200 Filtresi VAR.",
    "timestamp": "20251228_1506",
    "input_stats": {
        "total_trades": 658,
        "win_rate": 83.89057750759878,
        "avg_trade": 0.015412491479983135
    },
    "model_metrics": {
        "accuracy": 0.8061224489795918,
        "precision": 0.8003913894324853,
        "recall": 0.8229376257545271,
        "f1": 0.8115079365079365
    },
    "simulation_meta": {
        "initial_capital": 10000,
        "simulated_trades": 150,
        "simulated_duration_years": 1.2,
        "mean_roi_pct": 873.7,
        "cagr_pct": 541.87
    },
    "simulation_results": {
        "mean_equity": 97369.5203183552,
        "median_equity": 89807.78573545201,
        "p05_equity": 52244.792619638705,
        "p95_equity": 166533.3684275816,
        "risk_of_ruin_50pct": 0.0,
        "risk_of_ruin_90pct": 0.0
    },
    "data_samples": {
        "final_equities": [
            69035.25807173649,
            139367.17484886054,
            76661.32280342717,
            107669.00099590725,
            94835.46654683701,
            112717.66464774584,
            108930.74851499438,
            62935.221535646306,
            132767.47831560354,
            83559.06499786887,
            56989.5872727981,
            100486.39886270414,
            166231.85255207375,
            69649.9542322928,
            58141.24336314,
            229228.41588871894,
            124739.33171620811,
            89019.77610775264,
            83879.43741273887,
            61262.26095022247,
            52396.628466264956,
            103368.15417138074,
            84417.47500103072,
            100152.38069840746,
            85512.4185735849,
            161962.57684253564,
            146341.2022718408,
            77688.12694063128,
            89500.92641802621,
            68044.09220536021,
            83841.66733975607,
            93799.37672932791,
            94080.47309283161,
            115177.9722879888,
            64476.53078902952,
            115268.11275839004,
            100855.16011193361,
            132558.81921630722,
            137394.2549575583,
            91558.17163575444,
            84666.24736985141,
            104305.1299658586,
            138868.62310377622,
            156967.98149030132,
            49359.91153373988,
            73854.2996209437,
            104535.23338086515,
            82874.76154319891,
            85933.44047046687,
            110810.30608230119,
            87838.40285923754,
            71290.04479991584,
            90114.64505287781,
            58368.166541358216,
            81212.94119677835,
            70820.75693847286,
            106982.27479837883,
            137285.61451361194,
            120177.49404115436,
            75435.67982282933,
            95473.7423085797,
            176044.86928687265,
            63197.12970119394,
            107254.1139275758,
            62710.77859640207,
            116497.46764889917,
            120164.04398424174,
            88139.86966580244,
            78162.43825074809,
            49021.52750351015,
            129823.1720155712,
            65048.52304675199,
            35257.56733601238,
            89300.18387196519,
            42514.34373764948,
            45675.54510173317,
            56191.18739877261,
            83668.70210870382,
            55180.20553752867,
            93233.96535005608,
            103748.87082255607,
            124460.55601375064,
            75131.94061704459,
            113709.21564405468,
            77140.02110290663,
            71326.11988122232,
            94419.52702342882,
            65923.48386515556,
            184387.1072787186,
            198223.0140006205,
            116259.94943848054,
            90770.29703847379,
            99795.65649582335,
            73282.5535365387,
            79255.18713339507,
            73001.48792267518,
            172262.17006223084,
            161897.7278490866,
            123899.88040437296,
            67294.75405527613
        ],
        "max_drawdowns": [
            0.2300183490263269,
            0.13808079832178866,
            0.07669132156302742,
            0.07573135485690119,
            0.08605570301734848,
            0.1050621214139517,
            0.07122164615657452,
            0.07573135485690123,
            0.05485095371635374,
            0.13612342787786433,
            0.10888193615242396,
            0.07573135485690119,
            0.054213740901268445,
            0.14272088979112632,
            0.1349710732622716,
            0.03778689590778855,
            0.0548509537163537,
            0.16905155455538698,
            0.1185123371537842,
            0.1574679704420987,
            0.2344332140733415,
            0.10116445544908062,
            0.10502725288555544,
            0.16243332511498076,
            0.07824341629206294,
            0.10096653195893897,
            0.04190159389736229,
            0.13570039966647196,
            0.16017400909006949,
            0.16120821685723477,
            0.08902294067180969,
            0.059126209357099585,
            0.07281069088981919,
            0.07843932674526839,
            0.20266600247847372,
            0.13497107326227167,
            0.07813472433634665,
            0.1050621214139517,
            0.08123429495083151,
            0.12458836809087628,
            0.13378879989028922,
            0.10096653195893894,
            0.11434778602925416,
            0.037786895907788554,
            0.09496610074107462,
            0.054850953716353644,
            0.11767759238023368,
            0.09706793155447374,
            0.08067050944593898,
            0.10550901314065837,
            0.13497107326227167,
            0.08605570301734855,
            0.07618180600151833,
            0.18937501837185935,
            0.09380324310878681,
            0.14951859124921746,
            0.10011656084821058,
            0.05346474661846218,
            0.13497107326227165,
            0.11205706473267406,
            0.0664378608113296,
            0.1268037037702802,
            0.10506212141395176,
            0.1349710732622717,
            0.12500592326952323,
            0.07523595314701136,
            0.08605570301734852,
            0.13233868205069704,
            0.10512622175493995,
            0.18716372327200967,
            0.10289079507206234,
            0.07461416532718469,
            0.3466718932213336,
            0.13497107326227162,
            0.13000620445953445,
            0.10506212141395174,
            0.15595345974140817,
            0.19589850970397768,
            0.07523595314701131,
            0.06914805932011102,
            0.09436264369706271,
            0.059758838282145656,
            0.1861228505161398,
            0.11677114833879204,
            0.053647872755883286,
            0.1310987149694229,
            0.13497107326227165,
            0.11569334510637963,
            0.09069729043631404,
            0.11109252501077994,
            0.06628530444022462,
            0.055856138959273,
            0.10096653195893886,
            0.1268897022525716,
            0.15215454338297182,
            0.11856884232582394,
            0.10096653195893891,
            0.10096653195893897,
            0.11817689646651998,
            0.11535498307166239
        ]
    }
}