{
    "model": "Professional",
    "is_monte_carlo": true,
    "description": "Profesyonel Model (Trend Filter): SMA 200 Filtresi VAR.",
    "timestamp": "20251228_1500",
    "input_stats": {
        "total_trades": 658,
        "win_rate": 83.89057750759878,
        "avg_trade": 0.015412491479983135
    },
    "simulation_meta": {
        "initial_capital": 100,
        "simulated_trades": 150,
        "simulated_duration_years": 1.2,
        "mean_roi_pct": 888.03,
        "cagr_pct": 549.58
    },
    "simulation_results": {
        "mean_equity": 988.0316669362011,
        "median_equity": 957.5426400215895,
        "p05_equity": 454.72027835304965,
        "p95_equity": 1570.0106108725886,
        "risk_of_ruin_50pct": 0.0,
        "risk_of_ruin_90pct": 0.0
    },
    "data_samples": {
        "final_equities": [
            669.8591163617114,
            446.98157805229596,
            547.875933114272,
            537.2296954509208,
            922.4702736327821,
            1083.3911150271829,
            1441.1399061859645,
            1262.1897375948831,
            2230.2543090574654,
            1275.290705168647,
            1102.5617760599514,
            1610.4010665486776,
            1175.383537783088,
            1034.4544792847232,
            1908.5092125127999,
            936.0915350647601,
            1066.312667931814,
            1035.3256836285682,
            528.8054781231142,
            1048.029277500065,
            1567.8847974159526,
            442.500148626596,
            1256.2361460313,
            777.9212911222434,
            1144.6779469386483,
            266.85361944623,
            910.9558835246036,
            820.6229517290585,
            818.0040270707615,
            1290.2270488007277,
            957.8260173805752,
            581.2930602705457,
            639.2317123787243,
            989.8769583407017,
            875.4856131376416,
            535.3319681542537,
            755.1549712290176,
            450.91925743759685,
            845.4391241649865,
            1171.2693307995619,
            1400.6993451970557,
            976.2788761317039,
            913.1224870477823,
            1318.032866511665,
            1001.8279900693118,
            1426.7816334463557,
            1333.1087035856615,
            555.1584397053409,
            1326.2307966809176,
            853.2103780631023,
            1054.0793247917477,
            957.2592626626038,
            1335.2443953094923,
            407.85600924789134,
            688.9608390491348,
            1403.4836044558247,
            812.9178721825673,
            953.7942750358226,
            1200.4510105718607,
            658.3724310441751,
            1487.2775034199171,
            688.8032864319275,
            857.230907207613,
            1257.3223175022358,
            946.6154270763149,
            603.1688454276497,
            560.7852563609792,
            610.2074980119778,
            862.9476519832732,
            1709.4224042763462,
            911.0127040221059,
            579.709006293943,
            1465.9602438046136,
            1064.7629279375785,
            900.9754405202865,
            1328.9995592630191,
            844.2917751162317,
            522.7255067551413,
            961.9215797597753,
            914.24740167698,
            1212.599173732356,
            1563.9584220708964,
            796.879129518002,
            1041.5445703305134,
            1412.1125211001386,
            1011.9965978182003,
            1145.8208635912554,
            1073.7357128380738,
            502.01107433273415,
            1018.8343364661796,
            454.9203320854419,
            1655.3343842180425,
            1064.6655107050046,
            877.624574110174,
            933.2790085052403,
            1274.1022108135924,
            1200.944710967533,
            798.5421435263795,
            591.2625090695252,
            557.4721660994653
        ],
        "max_drawdowns": [
            0.10742208303851175,
            0.13497107326227165,
            0.14266581800559042,
            0.11321973117311102,
            0.10506212141395174,
            0.1223375607410459,
            0.060309299051226166,
            0.10096653195893893,
            0.07573135485690123,
            0.08605570301734862,
            0.10772260027050494,
            0.08539508701525897,
            0.08605570301734859,
            0.1349710732622717,
            0.06643786081132959,
            0.17273812465018426,
            0.12415147754942477,
            0.0823229364694307,
            0.1446039078501754,
            0.11630514261810863,
            0.11091284052405866,
            0.1984047945728942,
            0.04938628192434368,
            0.07979271315039203,
            0.10096653195893883,
            0.15314708430459406,
            0.12471312602240361,
            0.09456376348237387,
            0.1576152438614992,
            0.13836563114143838,
            0.1573865740817809,
            0.1211253619223201,
            0.14407301312171275,
            0.10506212141395183,
            0.12912294613349473,
            0.10506212141395173,
            0.11864425494314859,
            0.09397778403306427,
            0.12101612975045362,
            0.11343313245392761,
            0.059758838282145725,
            0.17557774532094186,
            0.09589258187999931,
            0.14187820012274055,
            0.08605570301734851,
            0.1349710732622717,
            0.10096653195893883,
            0.17782438793229496,
            0.04852861981057549,
            0.10481784612701711,
            0.10096653195893888,
            0.1388782037416146,
            0.07829510421211887,
            0.10240544477068635,
            0.1349710732622716,
            0.13497107326227165,
            0.0860557030173486,
            0.09696925222326352,
            0.07793855993726083,
            0.21623706964772027,
            0.14355558979687008,
            0.1349710732622717,
            0.09777479675861996,
            0.07830074640511915,
            0.10506212141395178,
            0.13520846987461194,
            0.10506212141395178,
            0.18947221541761433,
            0.09474469473542176,
            0.06578933829119334,
            0.10950671597173017,
            0.07523595314701131,
            0.10096653195893894,
            0.06155673266706762,
            0.10117279916051312,
            0.06275280215607956,
            0.04127391863553282,
            0.1757837279164574,
            0.14340457605364287,
            0.20938001973740158,
            0.1349710732622717,
            0.07613678004109317,
            0.08605570301734855,
            0.10506212141395169,
            0.07558209816376224,
            0.10506212141395171,
            0.10506212141395171,
            0.13497107326227162,
            0.10916809875836958,
            0.12034692138943813,
            0.14061403046559146,
            0.13497107326227173,
            0.11862460656892443,
            0.1456558998179859,
            0.137147611768148,
            0.11078992043450735,
            0.07956262033768634,
            0.10709543520062688,
            0.08930708492663804,
            0.09861651433577669
        ]
    }
}